<?xml version="1.0" encoding="utf-8"?>
<Defs>


	<SoundDef>
		<defName>Xenngun</defName>
		<eventNames />   
		<context>MapOnly</context>
		<maxSimultaneous>1</maxSimultaneous>
		<subSounds>
			<li>
				<grains>
					<li Class="AudioGrain_Clip">
						<clipPath>Guns/XennGun</clipPath>
					</li>
				</grains>
		<volumeRange>
          <min>50.58823</min>
          <max>50.58823</max>
        </volumeRange>
				<pitchRange>
					<min>0.9152174</min>
					<max>1.042391</max>
				</pitchRange>
			</li>
		</subSounds>
	</SoundDef>

	
</Defs>