﻿<?xml version="1.0" encoding="utf-8" ?>
<Defs>

<RulePackDef>
    <defName>NamerPersonXennMale</defName>
    <rulePack>
      <rulesStrings>
        <li>name->[XennMfirst] [Xennlast]</li>
        <li>name->[badassx] [Xennfirst]</li>
        <li>name->[XennMfirst] '[badassx]' [Xennlast]</li>
        <li>name->[badassx] '[nick]' [Xennlast]</li>
        <li>name->[XennMfirst] '[nick]' [Xennlast]</li>
        <li>name->[XennMfirst] [badassx]</li>
      </rulesStrings>
      <rulesRaw>
        <li Class="Rule_File">
          <keyword>XennMfirst</keyword>
          <path>Xenn_Names/XennM</path>
        </li>
        <li Class="Rule_File">
          <keyword>Xennlast</keyword>
          <path>Xenn_Names/Xennlast</path>
        </li>
        <li Class="Rule_File">
          <keyword>badassx</keyword>
          <path>Xenn_Names/Concepts_Xen</path>
        </li>
        <li Class="Rule_File">
          <keyword>nick</keyword>
          <path>Xenn_Names/Nicks</path>
        </li>
      </rulesRaw>
    </rulePack>
  </RulePackDef>
  
  <RulePackDef>
    <defName>NamerPersonXennFemale</defName>
    <rulePack>
      <rulesStrings>
        <li>name->[XennFfirst] [Xennlast]</li>
        <li>name->[badassx] [Xennfirst]</li>
        <li>name->[XennFfirst] '[badassx]' [Xennlast]</li>
        <li>name->[XennFfirst] '[nick]' [Xennlast]</li>
        <li>name->[XennFfirst] [badassx]</li>
      </rulesStrings>
      <rulesRaw>
        <li Class="Rule_File">
          <keyword>XennFfirst</keyword>
          <path>Xenn_Names/XennF</path>
        </li>
        <li Class="Rule_File">
          <keyword>Xennlast</keyword>
          <path>Xenn_Names/Xennlast</path>
        </li>
        <li Class="Rule_File">
          <keyword>badassx</keyword>
          <path>Xenn_Names/Concepts_Xen</path>
        </li>
        <li Class="Rule_File">
          <keyword>nick</keyword>
          <path>Xenn_Names/Nicks</path>
        </li>
      </rulesRaw>
    </rulePack>
  </RulePackDef>

</Defs>