<?xml version="1.0" encoding="utf-8" ?>
<Defs>

	<ThingDef Abstract="True" Name="BaseXnWeapon">
		<thingClass>ThingWithComps</thingClass>
		<category>Item</category>
		<drawGUIOverlay>true</drawGUIOverlay>
		<altitudeLayer>Item</altitudeLayer>
		<alwaysHaulable>true</alwaysHaulable>
		<tickerType>Never</tickerType>
		<equipmentType>Primary</equipmentType>
		<useHitPoints>true</useHitPoints>
		<pathCost>10</pathCost>
		<selectable>true</selectable>
		<statBases>
			<MaxHitPoints>100</MaxHitPoints>
			<Flammability>1.0</Flammability>
			<DeteriorationRate>2</DeteriorationRate>
			<Beauty>-6</Beauty>
			<SellPriceFactor>0.20</SellPriceFactor>
		</statBases>
		<comps>
			<li Class="CompProperties_Forbiddable"/>
			<li>
				<compClass>CompEquippable</compClass>
			</li>
		</comps>
		<graphicData>
			<onGroundRandomRotateAngle>35</onGroundRandomRotateAngle>
		</graphicData>
	</ThingDef>

  <ThingDef Name="BaseXnGun" Abstract="True" ParentName="BaseXnWeapon">
		<techLevel>Industrial</techLevel>
		<smeltable>true</smeltable>
		<thingCategories>
      <li>WeaponsRanged</li>
    </thingCategories>
    <inspectorTabs>
      <li>ITab_Art</li>
    </inspectorTabs>
    <comps>
      <li>
        <compClass>CompQuality</compClass>
      </li>
      <li Class="CompProperties_Art">
        <nameMaker>NamerArtWeaponGun</nameMaker>
        <descriptionMaker>ArtDescription_WeaponGun</descriptionMaker>
        <minQualityForArtistic>Excellent</minQualityForArtistic>
      </li>
    </comps>
  </ThingDef>

  <ThingDef Name="BaseXennMakeableGun" ParentName="BaseXnGun" Abstract="True">
    <recipeMaker>
      <workSpeedStat>GeneralLaborSpeed</workSpeedStat>
      <workSkill>Crafting</workSkill>
      <effectWorking>Smith</effectWorking>
      <soundWorking>Recipe_Smith</soundWorking>
      <recipeUsers>
        <li>TableMachining</li>
      </recipeUsers>
      <unfinishedThingDef>UnfinishedGun</unfinishedThingDef>
      <researchPrerequisite>Gunsmithing</researchPrerequisite>
    </recipeMaker>
  </ThingDef>


  
  <ThingDef ParentName="BaseBullet">
    <defName>Bullet_FlameX</defName>
    <label>x-napalm bolt</label>
    <graphicData>
      <texPath>Projectile/XFBullet</texPath>
      <graphicClass>Graphic_Single</graphicClass>
	  <shaderType>Transparent</shaderType>
</graphicData>
    <projectile>
	<flyOverhead>False</flyOverhead>
	<damageDef>Flame</damageDef>
	<damageAmountBase>8</damageAmountBase>
	<speed>105</speed>
    </projectile>
  </ThingDef>

  <ThingDef ParentName="BaseXennMakeableGun">
    <defName>XennBurnCannon</defName>
    <label>Xenn burn cannon</label>
    <description>This weapon fires high velocity plasma at it's target, melting through conventional armor and igniting it's target. A dangerous weapon indeed.</description>
    <graphicData>
      <texPath>Things/Guns/Xenngunred</texPath>
      <graphicClass>Graphic_Single</graphicClass>
    </graphicData>
    <soundInteract>Interact_ChargeLance</soundInteract>
    <recipeMaker>
      <researchPrerequisite>ChargedShot</researchPrerequisite>
    </recipeMaker>
    <equippedStatOffsets>
      <MoveSpeed>0.15</MoveSpeed>
    </equippedStatOffsets>
    <statBases>
	  <MarketValue>2200</MarketValue>
      <Mass>6.85</Mass>
      <WorkToMake>65800</WorkToMake>
      <AccuracyTouch>0.95</AccuracyTouch>
      <AccuracyShort>0.95</AccuracyShort>
      <AccuracyMedium>0.89</AccuracyMedium>
      <AccuracyLong>0.80</AccuracyLong>
      <RangedWeapon_Cooldown>0.92</RangedWeapon_Cooldown>
    </statBases>
    <costList>
      <Steel>125</Steel>
      <Plasteel>55</Plasteel>
      <ComponentSpacer>2</ComponentSpacer>
    </costList>
    <verbs>
      <li>
        <targetParams>
          <canTargetLocations>true</canTargetLocations>
        </targetParams>
        <verbClass>Verb_Shoot</verbClass>
        <hasStandardCommand>true</hasStandardCommand>
        <defaultProjectile>Bullet_FlameX</defaultProjectile>
        <warmupTime>1.53</warmupTime>
        <range>40</range>
        <soundCast>Xenngun</soundCast>
        <burstShotCount>5</burstShotCount>
        <ticksBetweenBurstShots>8</ticksBetweenBurstShots>
        <soundCastTail>GunTail_Heavy</soundCastTail>
        <muzzleFlashScale>12</muzzleFlashScale>
      </li>
    </verbs>
     <tools>
      <li>
        <label>stock</label>
        <capacities>
          <li>Blunt</li>
        </capacities>
        <power>9</power>
        <cooldownTime>1.8</cooldownTime>
      </li>
      <li>
        <label>barrel</label>
        <capacities>
          <li>Blunt</li>
          <li>Poke</li>
        </capacities>
        <power>10</power>
        <cooldownTime>1.9</cooldownTime>
      </li>
    </tools>
    <weaponTags>
      <li>MedievalShields_ValidSidearm</li>
	   <li>XennRifle</li>
    </weaponTags>
  </ThingDef>
   
   
   
   <ThingDef ParentName="BaseBullet">
    <defName>Bullet_XenX</defName>
    <label>cryo burst</label>
    <graphicData>
      <texPath>Projectile/XIceBullet</texPath>
      <graphicClass>Graphic_Single</graphicClass>
	  <shaderType>Transparent</shaderType>
</graphicData>
    <projectile>
	<flyOverhead>False</flyOverhead>
	<damageDef>Frostbite</damageDef>
	<damageAmountBase>8</damageAmountBase>
	<speed>135</speed>
    </projectile>
  </ThingDef>

  <ThingDef ParentName="BaseXennMakeableGun">
    <defName>XennFrostCannon</defName>
    <label>Xenn Frost Cannon</label>
    <description>The "Arctic Wind" hypothermic discharge weapon is somewhat of a mystery.</description>
    <graphicData>
      <texPath>Things/Guns/Xenngunblue</texPath>
      <graphicClass>Graphic_Single</graphicClass>
    </graphicData>
    <soundInteract>Interact_ChargeLance</soundInteract>
    <recipeMaker>
      <researchPrerequisite>ChargedShot</researchPrerequisite>
    </recipeMaker>
    <statBases>
      <Mass>6.85</Mass>
      <WorkToMake>65800</WorkToMake>
      <AccuracyTouch>0.95</AccuracyTouch>
      <AccuracyShort>0.85</AccuracyShort>
      <AccuracyMedium>0.79</AccuracyMedium>
      <AccuracyLong>0.69</AccuracyLong>
      <RangedWeapon_Cooldown>0.92</RangedWeapon_Cooldown>
    </statBases>
    <costList>
      <Steel>125</Steel>
      <Plasteel>55</Plasteel>
      <ComponentSpacer>2</ComponentSpacer>
    </costList>
    <verbs>
      <li>
        <verbClass>Verb_Shoot</verbClass>
        <hasStandardCommand>true</hasStandardCommand>
        <defaultProjectile>Bullet_XenX</defaultProjectile>
        <warmupTime>0.63</warmupTime>
        <range>50</range>
        <soundCast>Xenngun</soundCast>
        <burstShotCount>4</burstShotCount>
        <ticksBetweenBurstShots>8</ticksBetweenBurstShots>
        <soundCastTail>GunTail_Heavy</soundCastTail>
        <muzzleFlashScale>12</muzzleFlashScale>
        <targetParams>
          <canTargetLocations>true</canTargetLocations>
        </targetParams>
      </li>
    </verbs>
     <tools>
      <li>
        <label>stock</label>
        <capacities>
          <li>Blunt</li>
        </capacities>
        <power>9</power>
        <cooldownTime>1.8</cooldownTime>
      </li>
      <li>
        <label>barrel</label>
        <capacities>
          <li>Blunt</li>
          <li>Poke</li>
        </capacities>
        <power>10</power>
        <cooldownTime>1.9</cooldownTime>
      </li>
    </tools>
    <weaponTags>
       <li>MedievalShields_ValidSidearm</li>
	   <li>XennRifle</li>
    </weaponTags>
  </ThingDef>
  
 </Defs> 