<?xml version="1.0" encoding="utf-8" ?>
<Defs>

<AlienRace.BackstoryDef>
    <defName>XennPraetor</defName>
    <title>Praetor</title>
	<titleShort>Praetor</titleShort>
    <baseDescription>[PAWN_nameDef] was born in an ancient monastery devoted to martial arts. [PAWN_pronoun] was raised to master various forms of physical combat and extend his physical limitations.</baseDescription>
    <slot>Childhood</slot>
	<bodyTypeFemale>Female</bodyTypeFemale>
	<bodyTypeMale>Male</bodyTypeMale>
	<bodyTypeGlobal>Thin</bodyTypeGlobal>
	<maleCommonality>20</maleCommonality>
	<femaleCommonality>20</femaleCommonality>
    <spawnCategories>
      <li>XennBackstory</li>
    </spawnCategories>
    <skillGains>
      <li>
        <defName>Social</defName>
        <amount>2</amount>
      </li>
	  <li>
        <defName>Melee</defName>
        <amount>4</amount>
      </li>
	  <li>
        <defName>Plants</defName>
        <amount>4</amount>
      </li>
    </skillGains>
    <workDisables>
        <li>Artistic</li>
    </workDisables>
</AlienRace.BackstoryDef>


<AlienRace.BackstoryDef>
    <defName>XennBullykid</defName>
    <title>Bully</title>
	<titleShort>Bully</titleShort>
    <baseDescription>[PAWN_nameDef] grew faster than [PAWN_possessive] young peers, and took advantage of the fact. [PAWN_pronoun] was often found bullying the other kids. [PAWN_pronoun] grew out of it... mostly, but was left a bit socially stunted as a result.</baseDescription>
    <slot>Childhood</slot>
	<bodyTypeFemale>Female</bodyTypeFemale>
	<bodyTypeMale>Male</bodyTypeMale>
	<bodyTypeGlobal>Hulk</bodyTypeGlobal>
	<maleCommonality>20</maleCommonality>
	<femaleCommonality>20</femaleCommonality>
    <spawnCategories>
      <li>XennBackstory</li>
    </spawnCategories>
    <skillGains>
      <li>
        <defName>Construction</defName>
        <amount>2</amount>
      </li>
	  <li>
        <defName>Melee</defName>
        <amount>4</amount>
      </li>
	  <li>
        <defName>Plants</defName>
        <amount>2</amount>
      </li>
    </skillGains>
    <workDisables>
        <li>Social</li>
    </workDisables>
</AlienRace.BackstoryDef>


<AlienRace.BackstoryDef>
    <defName>XennArtificis</defName>
    <title>Artificis</title>
	<titleShort>Artificis</titleShort>
    <baseDescription>In the core planets of the Xenn Empire, those with a natural talent for building and architecture are put into the Aedificarem, a school and training program established to produce fine architects. [PAWN_nameDef] spent [PAWN_possessive] childhood learning about various building materials, architecture, and the societies that employed them.</baseDescription>
    <slot>Childhood</slot>
    <spawnCategories>
      <li>XennBackstory</li>
    </spawnCategories>
	<bodyTypeFemale>Female</bodyTypeFemale>
	<bodyTypeMale>Male</bodyTypeMale>
	<bodyTypeGlobal>Thin</bodyTypeGlobal>
		<maleCommonality>20</maleCommonality>
	<femaleCommonality>20</femaleCommonality>
    <skillGains>
      <li>
        <defName>Construction</defName>
        <amount>4</amount>
      </li>
	        <li>
        <defName>Crafting</defName>
        <amount>4</amount>
      </li>
    </skillGains>
</AlienRace.BackstoryDef>

<AlienRace.BackstoryDef>
    <defName>XennArtificisAdult</defName>
    <title>Artifis</title>
	<titleShort>Artifis</titleShort>
    <baseDescription>In the core planets of the Xenn Empire, those with a natural talent for building and architecture are put into the Aedificarem, a school and training program established to produce fine architects. When they graduate, they are given the title of "Artifis", and are among the finest builders and Architects to be found.</baseDescription>
    <slot>Adulthood</slot>
    <spawnCategories>
      <li>XennBackstory</li>
    </spawnCategories>
	<bodyTypeFemale>Female</bodyTypeFemale>
	<bodyTypeMale>Male</bodyTypeMale>
	<bodyTypeGlobal>Thin</bodyTypeGlobal>
		<maleCommonality>20</maleCommonality>
	<femaleCommonality>20</femaleCommonality>
    <skillGains>
      <li>
        <defName>Construction</defName>
        <amount>8</amount>
      </li>
	        <li>
        <defName>Crafting</defName>
        <amount>6</amount>
      </li>
    </skillGains>
</AlienRace.BackstoryDef>

<AlienRace.BackstoryDef>
    <defName>XennEngineer</defName>
    <title>Naturae</title>
	<titleShort>Naturae</titleShort>
    <baseDescription>In the core planets of the Xenn Empire, those with a natural talent for Science are put into the Laboratorium, the premiere scientific institute of the Xenn Empire. [PAWN_nameDef] spent [PAWN_possessive] childhood learning all the scientific disciplines and methods, with a heavy focus on biology and ecology.</baseDescription>
    <slot>Childhood</slot>
    <spawnCategories>
      <li>XennBackstory</li>
    </spawnCategories>
	<bodyTypeFemale>Female</bodyTypeFemale>
	<bodyTypeMale>Male</bodyTypeMale>
	<bodyTypeGlobal>Thin</bodyTypeGlobal>
		<maleCommonality>20</maleCommonality>
	<femaleCommonality>20</femaleCommonality>
    <skillGains>
      <li>
        <defName>Intellectual</defName>
        <amount>6</amount>
      </li>
	        <li>
        <defName>Crafting</defName>
        <amount>4</amount>
      </li>
    </skillGains>
</AlienRace.BackstoryDef>

<AlienRace.BackstoryDef>
    <defName>XennEngineerAdult</defName>
    <title>Scientis</title>
	<titleShort>Scientis</titleShort>
    <baseDescription>In the core planets of the Xenn Empire, those with a natural talent for Science are put into the Laboratorium, the premiere scientific institute of the Xenn Empire. Their graduates are known as "Scientis". Their scientific acumen is unmatched.</baseDescription>
    <slot>Adulthood</slot>
    <spawnCategories>
      <li>XennBackstory</li>
    </spawnCategories>
	<bodyTypeFemale>Female</bodyTypeFemale>
	<bodyTypeMale>Male</bodyTypeMale>
	<bodyTypeGlobal>Thin</bodyTypeGlobal>
		<maleCommonality>20</maleCommonality>
	<femaleCommonality>20</femaleCommonality>
    <skillGains>
      <li>
        <defName>Intellectual</defName>
        <amount>8</amount>
      </li>
	   <li>
        <defName>Crafting</defName>
        <amount>6</amount>
      </li>
	  	   <li>
        <defName>Medicine</defName>
        <amount>4</amount>
      </li>
    </skillGains>
</AlienRace.BackstoryDef>

<AlienRace.BackstoryDef>
    <defName>XennArtkid</defName>
    <title>Natural artist</title>
	<titleShort>Artist</titleShort>
    <baseDescription>[PAWN_nameDef] was always doodling or sculpting, and [PAWN_possessive] talent quickly flowered into a great natural ability for art, winning prizes at many regional "young artist's" exhibits. </baseDescription>
    <slot>Childhood</slot>
    <spawnCategories>
      <li>XennBackstory</li>
    </spawnCategories>
	<bodyTypeFemale>Female</bodyTypeFemale>
	<bodyTypeMale>Male</bodyTypeMale>
	<bodyTypeGlobal>Thin</bodyTypeGlobal>
		<maleCommonality>20</maleCommonality>
	<femaleCommonality>20</femaleCommonality>
    <skillGains>
      <li>
        <defName>Artistic</defName>
        <amount>6</amount>
      </li>
	        <li>
        <defName>Crafting</defName>
        <amount>4</amount>
      </li>
    </skillGains>
</AlienRace.BackstoryDef>

    <AlienRace.BackstoryDef>
    <defName>XennSpacer</defName>
    <title>Spacer xenn</title>
    <titleShort>Spacerx</titleShort>
    <baseDescription>[PAWN_nameDef] was born on the family's moving home - a sublight long-haul cargo cruiser. [PAWN_pronoun] grew up learning to wheel, deal, and steal ("only when necessary!" said pop) enough to keep the ship in spaceworthy condition and delivering cargo on schedule.</baseDescription>
    <slot>Childhood</slot>
	<bodyTypeFemale>Female</bodyTypeFemale>
	<bodyTypeMale>Male</bodyTypeMale>
		<maleCommonality>30</maleCommonality>
	<femaleCommonality>30</femaleCommonality>
      <spawnCategories>
      <li>XennBackstory</li>
    </spawnCategories>
    <skillGains>
          <li>
        <defName>Construction</defName>
        <amount>6</amount>
      </li>
      <li>
        <defName>Social</defName>
        <amount>10</amount>
      </li>
      <li>
        <defName>Crafting</defName>
        <amount>3</amount>
      </li>
    </skillGains>
    </AlienRace.BackstoryDef>

	    <AlienRace.BackstoryDef>
    <defName>XennFire</defName>
    <title>Alien fire survivor</title>
    <titleShort>Pyrophobe</titleShort>
    <baseDescription>Rescued from the edge of a forest fire, [PAWN_nameDef] was taken in and raised by an old farmer and his wife. Though [PAWN_pronoun] never got the hang of farming, [PAWN_possessive] great strength was a life-saver for the elderly Kents...</baseDescription>
    <slot>Childhood</slot>
    <bodyTypeGlobal>Hulk</bodyTypeGlobal>
		<maleCommonality>20</maleCommonality>
	<femaleCommonality>20</femaleCommonality>
      <spawnCategories>
      <li>XennBackstory</li>
    </spawnCategories>
    <skillGains>
          <li>
        <defName>Plants</defName>
        <amount>-6</amount>
      </li>
      <li>
        <defName>Animals</defName>
        <amount>4</amount>
      </li>
      <li>
        <defName>Construction</defName>
        <amount>4</amount>
      </li>
        <li>
        <defName>Crafting</defName>
        <amount>2</amount>
      </li>
    </skillGains>
	   <workDisables>
        <li>Firefighting</li>
	   </workDisables>
    </AlienRace.BackstoryDef>


    <AlienRace.BackstoryDef>
    <defName>XennColonyKid</defName>
    <title>Xenn colonykid</title>
    <titleShort>Kid</titleShort>
    <baseDescription>[PAWN_nameDef] was born in a small trading post on the outer rims of the Xenn Empire. [PAWN_pronoun] had to learn to carry [PAWN_possessive] weight and keep the colony running from an early age.</baseDescription>
    <slot>Childhood</slot>
	<bodyTypeFemale>Female</bodyTypeFemale>
	<bodyTypeMale>Male</bodyTypeMale>
	<bodyTypeGlobal>Thin</bodyTypeGlobal>
		<maleCommonality>80</maleCommonality>
	<femaleCommonality>80</femaleCommonality>
    <skillGains>
      <li>
        <defName>Social</defName>
        <amount>2</amount>
      </li>
      <li>
        <defName>Construction</defName>
        <amount>1</amount>
      </li>
      <li>
        <defName>Plants</defName>
        <amount>2</amount>
      </li>
    </skillGains>
    <spawnCategories>
      <li>XennBackstory</li>
    </spawnCategories>
  </AlienRace.BackstoryDef>

    <AlienRace.BackstoryDef>
    <defName>XennCoreKid</defName>
    <title>Xenn corekid</title>
    <titleShort>Corekid</titleShort>
    <baseDescription>[PAWN_nameDef] was born on one of the core ecumenopolis in the Xenn Empire. [PAWN_pronoun] grew up in one of the many arcologies, spending much of [PAWN_possessive] time in the upper-level arboretums.</baseDescription>
    <bodyTypeMale>Thin</bodyTypeMale>
    <bodyTypeFemale>Thin</bodyTypeFemale>
		<maleCommonality>90</maleCommonality>
	<femaleCommonality>90</femaleCommonality>
    <slot>Childhood</slot>
    <skillGains>
      <li>
        <defName>Social</defName>
        <amount>2</amount>
      </li>
	  <li>
        <defName>Plants</defName>
        <amount>4</amount>
      </li>
    </skillGains>
    <spawnCategories>
      <li>XennBackstory</li>
    </spawnCategories>
  </AlienRace.BackstoryDef>

      <AlienRace.BackstoryDef>

    <defName>XennDigKid</defName>
    <title>Xenn digger-kid</title>
    <titleShort>Diggerkid</titleShort>
    <baseDescription>[PAWN_nameDef] was always playing in the sandbox, or building in the mud, or otherwise finding excuses to make holes in the ground.</baseDescription>
	<maleCommonality>20</maleCommonality>
	<femaleCommonality>20</femaleCommonality>
	<slot>Childhood</slot>
    <skillGains>
      <li>
        <defName>Plants</defName>
        <amount>2</amount>
      </li>
	  <li>
        <defName>Mining</defName>
        <amount>4</amount>
      </li>
    </skillGains>
    <spawnCategories>
      <li>XennBackstory</li>
    </spawnCategories>
  </AlienRace.BackstoryDef>


  <!-- ====== Adult Stories - not porn ====== -->



    <AlienRace.BackstoryDef>
    <defName>XennToymaker</defName>
    <title>Toymaker</title>
    <titleShort>Toymaker</titleShort>
    <baseDescription>[PAWN_nameDef] found [PAWN_pronoun] had a natural talent for making delicate items such as small gears, and inscribing beautiful designs. [PAWN_pronoun] has made a name as an accomplished toymaker.</baseDescription>
    <bodyTypeMale>Male</bodyTypeMale>
    <bodyTypeFemale>Female</bodyTypeFemale>
		<maleCommonality>20</maleCommonality>
	<femaleCommonality>20</femaleCommonality>
    <slot>Adulthood</slot>
    <skillGains>
      <li>
        <defName>Shooting</defName>
        <amount>3</amount>
      </li>
      <li>
        <defName>Crafting</defName>
        <amount>5</amount>
      </li>
    </skillGains>
    <spawnCategories>
      <li>XennBackstory</li>
    </spawnCategories>
  </AlienRace.BackstoryDef>

      <AlienRace.BackstoryDef>
    <defName>XennSexSlave</defName>
    <title>Sex slave</title>
    <titleShort>Sextoy</titleShort>
    <baseDescription>[PAWN_nameDef] was captured by slavers and sold into sexual slavery. [PAWN_pronoun] was forced to tend the gardens, and do all sorts of lewd acts for [PAWN_possessive] 'owner', but grew accustomed to the otherwise lavish environment, and spoiled as far as labor is concerned.</baseDescription>
    <bodyTypeMale>Male</bodyTypeMale>
    <bodyTypeFemale>Female</bodyTypeFemale>
		<maleCommonality>10</maleCommonality>
	<femaleCommonality>20</femaleCommonality>
    <slot>Adulthood</slot>
    <workDisables>
     <li>Hauling</li>
	 <li>Cleaning</li>
    </workDisables>
    <skillGains>
      <li>
        <defName>Social</defName>
        <amount>5</amount>
      </li>
	   <li>
        <defName>Plants</defName>
        <amount>4</amount>
      </li>
    </skillGains>
    <spawnCategories>
      <li>XennBackstory</li>
    </spawnCategories>
  </AlienRace.BackstoryDef>

      <AlienRace.BackstoryDef>
    <defName>XennLasminer</defName>
    <title>Xenn lasminer</title>
    <titleShort>Lasminer</titleShort>
    <baseDescription>[PAWN_nameDef] operated a laser-mining rig at an advanced asteroidal mining station, and occasionally operated manual equipment when they'd pumped atmosphere into a particularly rich shaft. [PAWN_pronoun] developed a strong back and keen eye with [PAWN_possessive] laser-drill.</baseDescription>
    <bodyTypeMale>Male</bodyTypeMale>
    <bodyTypeFemale>Female</bodyTypeFemale>
		<maleCommonality>30</maleCommonality>
	<femaleCommonality>20</femaleCommonality>
    <slot>Adulthood</slot>
    <skillGains>
      <li>
        <defName>Shooting</defName>
        <amount>3</amount>
      </li>
      <li>
        <defName>Mining</defName>
        <amount>6</amount>
      </li>
    </skillGains>
    <spawnCategories>
      <li>XennBackstory</li>
    </spawnCategories>
  </AlienRace.BackstoryDef>

    <AlienRace.BackstoryDef>

    <defName>XennBiogen</defName>
    <title>Geneticist</title>
    <titleShort>Geneticist</titleShort>
    <baseDescription>[PAWN_nameDef] is a bio-Intellectualer for the Xenn Empire. [PAWN_pronoun] has dedicated [PAWN_possessive] life to unravelling the genome and improving [PAWN_possessive] race... FOR SCIENCE!!!</baseDescription>
    <bodyTypeGlobal>Thin</bodyTypeGlobal>
		<maleCommonality>20</maleCommonality>
	<femaleCommonality>20</femaleCommonality>
    <slot>Adulthood</slot>
    <skillGains>
      <li>
        <defName>Intellectual</defName>
        <amount>6</amount>
      </li>
      <li>
        <defName>Crafting</defName>
        <amount>5</amount>
      </li>
    </skillGains>
    <spawnCategories>
      <li>XennBackstory</li>
    </spawnCategories>
  </AlienRace.BackstoryDef>

    <AlienRace.BackstoryDef>
    <defName>XennHunterBS</defName>
    <title>Xenn hunter</title>
    <titleShort>Hunter</titleShort>
    <baseDescription>[PAWN_nameDef] is a professional hunter. Sometimes called to put down manhunters, or guide rich dentists on Safari, [PAWN_possessive] skills as a tracker are only matched by [PAWN_possessive] skill at handling.</baseDescription>
    <bodyTypeMale>Male</bodyTypeMale>
    <bodyTypeFemale>Female</bodyTypeFemale>
		<maleCommonality>25</maleCommonality>
	<femaleCommonality>25</femaleCommonality>
    <slot>Adulthood</slot>
    <skillGains>
      <li>
        <defName>Animals</defName>
        <amount>6</amount>
      </li>
      <li>
        <defName>Social</defName>
        <amount>2</amount>
      </li>
	  <li>
        <defName>Shooting</defName>
        <amount>2</amount>
      </li>
    </skillGains>
    <spawnCategories>
      <li>XennBackstory</li>
    </spawnCategories>
  </AlienRace.BackstoryDef>


  <AlienRace.BackstoryDef>
    <defName>XennXguanabreed</defName>
    <title>Xenguana breeder</title>
    <titleShort>Herpetoculturist</titleShort>
    <baseDescription>[PAWN_nameDef] has spent many years breeding reptiles, especially the Xenguana, which requires somewhat special handling due to it's rapid reproductive rate. This experience has given [PAWN_pronoun] a great deal of insight into certain animal behaviours.</baseDescription>
    <bodyTypeMale>Male</bodyTypeMale>
    <bodyTypeFemale>Female</bodyTypeFemale>
		<maleCommonality>20</maleCommonality>
	<femaleCommonality>20</femaleCommonality>
    <slot>Adulthood</slot>
    <skillGains>
      <li>
        <defName>Animals</defName>
        <amount>6</amount>
      </li>
      <li>
        <defName>Construction</defName>
        <amount>2</amount>
      </li>
    </skillGains>
    <spawnCategories>
      <li>XennBackstory</li>
    </spawnCategories>
  </AlienRace.BackstoryDef>

    <AlienRace.BackstoryDef>
    <defName>XennTrailblazer</defName>
    <title>Trail blazer</title>
    <titleShort>Blazer</titleShort>
    <baseDescription>[PAWN_nameDef] is at the forefront of the effort to expand the Xenn Empire - rushing headlong into the unknown to colonize uncharted worlds and eke out a living.</baseDescription>
    <bodyTypeMale>Male</bodyTypeMale>
    <bodyTypeFemale>Female</bodyTypeFemale>
		<maleCommonality>30</maleCommonality>
	<femaleCommonality>30</femaleCommonality>
    <slot>Adulthood</slot>
    <skillGains>
      <li>
        <defName>Melee</defName>
        <amount>3</amount>
      </li>
      <li>
        <defName>Plants</defName>
        <amount>3</amount>
      </li>
      <li>
        <defName>Construction</defName>
        <amount>3</amount>
      </li>
    </skillGains>
    <spawnCategories>
      <li>XennBackstory</li>
    </spawnCategories>
  </AlienRace.BackstoryDef>


     <AlienRace.BackstoryDef>
    <defName>XennClerk</defName>
    <title>Desk clerk</title>
    <titleShort>Clerk</titleShort>
    <baseDescription>[PAWN_nameDef] was a clerk in an office, filing paperwork, submitting reports. During [PAWN_possessive] downtime, [PAWN_pronoun] would read and study various subjects on the global network through his workstation terminal. This left [PAWN_pronoun] with an unquenchable thirst for knowledge.</baseDescription>
    <bodyTypeMale>Male</bodyTypeMale>
    <bodyTypeFemale>Female</bodyTypeFemale>
		<maleCommonality>20</maleCommonality>
	<femaleCommonality>20</femaleCommonality>
    <slot>Adulthood</slot>
    <skillGains>
      <li>
        <defName>Intellectual</defName>
        <amount>5</amount>
      </li>
      <li>
        <defName>Artistic</defName>
        <amount>3</amount>
      </li>
    </skillGains>
    <spawnCategories>
      <li>XennBackstory</li>
    </spawnCategories>
  </AlienRace.BackstoryDef>

  <AlienRace.BackstoryDef>
    <defName>XennDoctor</defName>
    <title>Xenn doctor</title>
    <titleShort>Doctor</titleShort>
    <baseDescription>[PAWN_nameDef] has taken an oath to devote [PAWN_possessive] life to healing others.</baseDescription>
    <bodyTypeMale>Male</bodyTypeMale>
    <bodyTypeFemale>Female</bodyTypeFemale>
		<maleCommonality>25</maleCommonality>
	<femaleCommonality>25</femaleCommonality>
    <slot>Adulthood</slot>
    <skillGains>
      <li>
        <defName>Medicine</defName>
        <amount>8</amount>
      </li>
    </skillGains>
    <spawnCategories>
	 <li>XennBackstory</li>
    </spawnCategories>
  </AlienRace.BackstoryDef>

    <AlienRace.BackstoryDef>
    <defName>XennChef</defName>
    <title>Xenn saucier</title>
    <titleShort>Saucier</titleShort>
    <baseDescription>[PAWN_nameDef] is a saucier, a master chef who specializes in sauces, stews, hot hors d'œuvres, and sautés. [PAWN_pronoun] has helped prepare meals for some of the highest functionaries in Xenn society.</baseDescription>
    <bodyTypeMale>Male</bodyTypeMale>
    <bodyTypeFemale>Female</bodyTypeFemale>
		<maleCommonality>30</maleCommonality>
	<femaleCommonality>30</femaleCommonality>
    <slot>Adulthood</slot>
    <skillGains>
      <li>
        <defName>Cooking</defName>
        <amount>8</amount>
      </li>
    </skillGains>
    <spawnCategories>
	 <li>XennBackstory</li>
    </spawnCategories>
  </AlienRace.BackstoryDef>

  <AlienRace.BackstoryDef>
    <defName>XennPackLead</defName>
    <title>Xenn pack alpha</title>
    <titleShort>Alpha</titleShort>
    <baseDescription>[PAWN_nameDef] bears the burden of leadership among [PAWN_possessive] community. Xenn often form tight-knit tribal groups, centered around an Alpha- who is generally the most fit, capable, and wise among the group. Among [PAWN_possessive] peers, [PAWN_nameDef] is that leader.</baseDescription>
    <bodyTypeMale>Male</bodyTypeMale>
    <bodyTypeFemale>Female</bodyTypeFemale>
		<maleCommonality>20</maleCommonality>
	<femaleCommonality>20</femaleCommonality>
    <slot>Adulthood</slot>
    <skillGains>
      <li>
        <defName>Medicine</defName>
        <amount>4</amount>
      </li>
	  <li>
        <defName>Construction</defName>
        <amount>3</amount>
      </li>
	  <li>
        <defName>Intellectual</defName>
        <amount>4</amount>
      </li>
    </skillGains>
    <spawnCategories>
	 <li>XennBackstory</li>
    </spawnCategories>
  </AlienRace.BackstoryDef>

  <AlienRace.BackstoryDef>
    <defName>PrivateXenn</defName>
    <title>Army private</title>
    <titleShort>Private</titleShort>
    <baseDescription>[PAWN_nameDef] is a rank-and-file soldier for the Xenn Empire. [PAWN_pronoun] had served [PAWN_possessive] term of service without incident.... until now.</baseDescription>
    <bodyTypeMale>Male</bodyTypeMale>
    <bodyTypeFemale>Female</bodyTypeFemale>
		<maleCommonality>30</maleCommonality>
	<femaleCommonality>30</femaleCommonality>
    <slot>Adulthood</slot>
    <skillGains>
      <li>
        <defName>Shooting</defName>
        <amount>5</amount>
      </li>
      <li>
        <defName>Melee</defName>
        <amount>5</amount>
      </li>
    </skillGains>
    <spawnCategories>
      <li>XennBackstory</li>
    </spawnCategories>
  </AlienRace.BackstoryDef>

    <AlienRace.BackstoryDef>
    <defName>MajorXenn</defName>
    <title>Army major</title>
    <titleShort>Major</titleShort>
    <baseDescription>[PAWN_nameDef] is an officer for the Xenn Empire's army. [PAWN_pronoun] is responsible for the soldiers under [PAWN_possessive] command, and takes that duty seriously.</baseDescription>
    <bodyTypeMale>Male</bodyTypeMale>
    <bodyTypeFemale>Female</bodyTypeFemale>
		<maleCommonality>20</maleCommonality>
	<femaleCommonality>20</femaleCommonality>
    <slot>Adulthood</slot>
    <skillGains>
      <li>
        <defName>Shooting</defName>
        <amount>6</amount>
      </li>
      <li>
        <defName>Melee</defName>
        <amount>6</amount>
      </li>
    </skillGains>
    <spawnCategories>
      <li>XennBackstory</li>
    </spawnCategories>
  </AlienRace.BackstoryDef>

    <AlienRace.BackstoryDef>
    <defName>XennSpacerAdult</defName>
    <title>Space trader</title>
    <titleShort>Spacer</titleShort>
    <baseDescription>[PAWN_nameDef] was a free-trader, roving the Xenn Empire and it's neighbors space searching for deals and opportunities for profit. Until now, HE was flying a ship, making deals with colonies like these... I wonder what happened?</baseDescription>
    <slot>Adulthood</slot>
    <bodyTypeMale>Male</bodyTypeMale>
    <bodyTypeFemale>Female</bodyTypeFemale>
	    <bodyTypeGlobal>Thin</bodyTypeGlobal>
			<maleCommonality>30</maleCommonality>
	<femaleCommonality>30</femaleCommonality>
      <spawnCategories>
      <li>XennBackstory</li>
    </spawnCategories>
    <skillGains>
          <li>
        <defName>Melee</defName>
        <amount>6</amount>
      </li>
      <li>
        <defName>Social</defName>
        <amount>10</amount>
      </li>
      <li>
        <defName>Shooting</defName>
        <amount>2</amount>
      </li>
    </skillGains>
    </AlienRace.BackstoryDef>

	  <AlienRace.BackstoryDef>
    <defName>XennManhunter</defName>
    <title>Space cowboy</title>
    <titleShort>Cowboy</titleShort>
    <baseDescription>[PAWN_nameDef] is something of a bounty hunter, often called "cowboys" in the Xenn Empire. Historians claim that this moniker comes from the an ancient entertainment program that took the empire by storm, rather than Earth's "old west".History aside, [PAWN_nameDef] is not to be taken lightly... or at all.</baseDescription>
    <bodyTypeMale>Male</bodyTypeMale>
    <bodyTypeFemale>Female</bodyTypeFemale>
		<maleCommonality>28</maleCommonality>
	<femaleCommonality>28</femaleCommonality>
    <slot>Adulthood</slot>
    <skillGains>
      <li>
        <defName>Melee</defName>
        <amount>6</amount>
      </li>
      <li>
        <defName>Shooting</defName>
        <amount>6</amount>
      </li>
      <li>
        <defName>Medicine</defName>
        <amount>4</amount>
      </li>
	  <li>
        <defName>Crafting</defName>
        <amount>4</amount>
      </li>
    </skillGains>
    <spawnCategories>
      <li>XennBackstory</li>
    </spawnCategories>
  </AlienRace.BackstoryDef>


  	  <AlienRace.BackstoryDef>
    <defName>XennTerminator</defName>
    <title>Terminator</title>
    <titleShort>Terminator</titleShort>
    <baseDescription>[PAWN_nameDef] has travelled through time to assassinate a specific target... [PAWN_pronoun] is fond of telling people that [PAWN_pronoun] will 'be back'.</baseDescription>
    <bodyTypeMale>Male</bodyTypeMale>
    <bodyTypeFemale>Female</bodyTypeFemale>
		<maleCommonality>10</maleCommonality>
	<femaleCommonality>10</femaleCommonality>
    <slot>Adulthood</slot>
    <skillGains>
      <li>
        <defName>Melee</defName>
        <amount>6</amount>
      </li>
      <li>
        <defName>Shooting</defName>
        <amount>6</amount>
      </li>
      <li>
        <defName>Social</defName>
        <amount>-4</amount>
      </li>
	  <li>
        <defName>Crafting</defName>
        <amount>4</amount>
      </li>
    </skillGains>
    <spawnCategories>
      <li>XennBackstory</li>
    </spawnCategories>
  </AlienRace.BackstoryDef>

  	  <AlienRace.BackstoryDef>
    <defName>XennCommandoBS</defName>
    <title>Retired commando</title>
    <titleShort>Commando</titleShort>
    <baseDescription>[PAWN_nameDef] used to be one of the most elite soldiers in the Xenn empire. Now [PAWN_pronoun] is retired... though [PAWN_possessive] former commander is always trying to get [PAWN_pronoun] back. Some time ago, [PAWN_pronoun] had to rescue a daughter from some druglords. Scary stuff. [PAWN_pronoun] didn't kill Sully last.</baseDescription>
    <bodyTypeMale>Male</bodyTypeMale>
    <bodyTypeFemale>Female</bodyTypeFemale>
		<maleCommonality>10</maleCommonality>
	<femaleCommonality>10</femaleCommonality>
    <slot>Adulthood</slot>
    <skillGains>
      <li>
        <defName>Melee</defName>
        <amount>6</amount>
      </li>
      <li>
        <defName>Shooting</defName>
        <amount>6</amount>
      </li>
      <li>
        <defName>Medicine</defName>
        <amount>4</amount>
      </li>
    </skillGains>
    <spawnCategories>
      <li>XennBackstory</li>
    </spawnCategories>
  </AlienRace.BackstoryDef>

  	  <AlienRace.BackstoryDef>
    <defName>XennTXRanger</defName>
    <title>Ranger</title>
    <titleShort>Ranger</titleShort>
    <baseDescription>[PAWN_nameDef] was a 'lawman' in a dusty Rim colony. [PAWN_possessive] preference for working alone and constant 'bending' of the rules earned [PAWN_pronoun] the nickname "Lone Wolf McQuade". [PAWN_pronoun] ran afoul of some corrupt military officials running weapons to some drug-lords. Many bullets later, [PAWN_pronoun] ended up taking out the mastermind. Stirring the pot so much probably landed them out here...</baseDescription>
    <bodyTypeMale>Male</bodyTypeMale>
    <bodyTypeFemale>Female</bodyTypeFemale>
		<maleCommonality>8</maleCommonality>
	<femaleCommonality>8</femaleCommonality>
    <slot>Adulthood</slot>
    <skillGains>
      <li>
        <defName>Shooting</defName>
        <amount>7</amount>
      </li>
	   <li>
        <defName>Social</defName>
        <amount>-4</amount>
      </li>
    </skillGains>
    <spawnCategories>
      <li>XennBackstory</li>
    </spawnCategories>
  </AlienRace.BackstoryDef>

      <AlienRace.BackstoryDef>
    <defName>XennBarbarian</defName>
    <title>Xenn barbarian</title>
    <titleShort>Barbarian</titleShort>
    <baseDescription>[PAWN_nameDef] was captured after a battle on a medieval world, and forced to train as a pit-fighter. After crushing [PAWN_possessive] enemies, seeing them driven before [PAWN_pronoun], and hearing the lamentation of their women, [PAWN_pronoun] was released from captivity. [PAWN_pronoun] now seems to be seeking 'two snakes' or something?</baseDescription>
    <bodyTypeMale>Male</bodyTypeMale>
    <bodyTypeFemale>Female</bodyTypeFemale>
		<maleCommonality>15</maleCommonality>
	<femaleCommonality>6</femaleCommonality>
    <slot>Adulthood</slot>
    <skillGains>
      <li>
        <defName>Melee</defName>
        <amount>6</amount>
      </li>
	  <li>
        <defName>Crafting</defName>
        <amount>4</amount>
      </li>
    </skillGains>
    <spawnCategories>
      <li>XennBackstory</li>
    </spawnCategories>
  </AlienRace.BackstoryDef>

      <AlienRace.BackstoryDef>
    <defName>XennNavyCook</defName>
    <title>Navy chef</title>
    <titleShort>BadassCook</titleShort>
    <baseDescription>[PAWN_nameDef] used to be one of the top Space Marines special forces officers. Now [PAWN_pronoun]'s 'just' a cook... who can kill you nine different ways with just a pinky. [PAWN_pronoun] sometimes has knife-fights with Tommy-Lee Jones.</baseDescription>
    <bodyTypeMale>Male</bodyTypeMale>
    <bodyTypeFemale>Female</bodyTypeFemale>
		<maleCommonality>25</maleCommonality>
	<femaleCommonality>25</femaleCommonality>
    <slot>Adulthood</slot>
    <skillGains>
      <li>
        <defName>Shooting</defName>
        <amount>3</amount>
      </li>
	  <li>
        <defName>Melee</defName>
        <amount>4</amount>
      </li>
	  	<li>
        <defName>Cooking</defName>
        <amount>5</amount>
      </li>
    </skillGains>
    <spawnCategories>
      <li>XennBackstory</li>
    </spawnCategories>
  </AlienRace.BackstoryDef>

  <AlienRace.BackstoryDef>
    <defName>XennTimeScientist</defName>
    <title>Xenn temporal-physicist</title>
    <titleShort>Timedoc</titleShort>
    <baseDescription>[PAWN_nameDef] claims to have invented a device that allows [PAWN_pronoun] to travel through time. Apparently after falling and striking [PAWN_possessive] head on the toilet. [PAWN_pronoun] keeps muttering something about misplacing a 'Duh-Lorian'- whatever that is.</baseDescription>
    <bodyTypeMale>Male</bodyTypeMale>
    <bodyTypeFemale>Female</bodyTypeFemale>
		<maleCommonality>30</maleCommonality>
	<femaleCommonality>10</femaleCommonality>
    <slot>Adulthood</slot>
    <skillGains>
      <li>
        <defName>Crafting</defName>
        <amount>5</amount>
      </li>
	  <li>
        <defName>Intellectual</defName>
        <amount>8</amount>
      </li>
    </skillGains>
    <spawnCategories>
      <li>XennBackstory</li>
    </spawnCategories>
  </AlienRace.BackstoryDef>

    <AlienRace.BackstoryDef>
    <defName>XennProgrammer</defName>
    <title>Xenn programmer</title>
    <titleShort>Programmer</titleShort>
    <baseDescription>[PAWN_nameDef] has spent many sleepless nights hammering away at a console (not literally with a hammer - though sometimes [PAWN_pronoun] wanted to). This allowed [PAWN_pronoun] to fund [PAWN_possessive] second passion... Firearms. [PAWN_pronoun] would vent [PAWN_possessive] frustrations at the shooting range as often as [PAWN_pronoun] could.</baseDescription>
    <bodyTypeMale>Male</bodyTypeMale>
    <bodyTypeFemale>Female</bodyTypeFemale>
		<maleCommonality>30</maleCommonality>
	<femaleCommonality>30</femaleCommonality>
    <slot>Adulthood</slot>
    <skillGains>
      <li>
        <defName>Shooting</defName>
        <amount>6</amount>
      </li>
	  <li>
        <defName>Intellectual</defName>
        <amount>4</amount>
      </li>
    </skillGains>
    <spawnCategories>
      <li>XennBackstory</li>
    </spawnCategories>
  </AlienRace.BackstoryDef>


    <AlienRace.BackstoryDef>
    <defName>XennDrugLord</defName>
    <title>Xenn kingpin</title>
    <titleShort>Kingpin</titleShort>
    <baseDescription>[PAWN_nameDef] built a drug empire with brawns, brains, and a fair share of ruthlessness. [PAWN_pronoun] made a fortune, which attracted the attention of [PAWN_possessive] rivals. They struck [PAWN_possessive] base of operation with Police raids, staged by crooked cops on their payroll. Now [PAWN_pronoun] is out for revenge...</baseDescription>
    <bodyTypeMale>Male</bodyTypeMale>
    <bodyTypeFemale>Female</bodyTypeFemale>
		<maleCommonality>20</maleCommonality>
	<femaleCommonality>20</femaleCommonality>
    <slot>Adulthood</slot>
    <skillGains>
      <li>
        <defName>Shooting</defName>
        <amount>4</amount>
      </li>
	  <li>
        <defName>Social</defName>
        <amount>4</amount>
      </li>
	  <li>
        <defName>Medicine</defName>
        <amount>4</amount>
      </li>
    </skillGains>
    <spawnCategories>
      <li>XennBackstory</li>
    </spawnCategories>
  </AlienRace.BackstoryDef>

</Defs>
